{
  "train_loss": [
    0.5262895870580475,
    0.1867067490710315,
    0.12637861311705764,
    0.09463566718603185,
    0.07495595985797168,
    0.06119410839301151,
    0.051034543633228666,
    0.04269252023222779,
    0.03604601022612645,
    0.030168121623030224
  ],
  "train_acc": [
    85.16333333333333,
    94.55333333333333,
    96.25166666666667,
    97.19333333333333,
    97.805,
    98.19,
    98.48833333333333,
    98.8,
    98.96166666666667,
    99.16333333333333
  ],
  "test_loss": [
    0.22598105885539274,
    0.15560217916218053,
    0.10805840484255178,
    0.08439135232867649,
    0.08177788472537154,
    0.07612169696004012,
    0.0787577256630768,
    0.06788206293188691,
    0.06756529084010647,
    0.062421821065072436
  ],
  "test_acc": [
    93.42,
    95.17,
    96.57,
    97.29,
    97.51,
    97.64,
    97.42,
    97.82,
    97.79,
    97.9
  ]
}