{
  "train_loss": [
    1.706568074569519,
    0.5668463309341149,
    0.3980462484554187,
    0.3465092387169536,
    0.3165574568087485,
    0.29464726548776954,
    0.2766174600004896,
    0.26005098838478263,
    0.2459274187032729,
    0.23240315775547835
  ],
  "train_acc": [
    59.08166666666666,
    85.07166666666667,
    88.815,
    90.17,
    90.93833333333333,
    91.56,
    92.05833333333334,
    92.56666666666666,
    92.96833333333333,
    93.34
  ],
  "test_loss": [
    0.7810623192103805,
    0.42451998263977136,
    0.3530076375337923,
    0.31520338584283353,
    0.29118040402176654,
    0.27690668143094727,
    0.2577296226659113,
    0.24509012195501167,
    0.23264352280266914,
    0.21959060762421626
  ],
  "test_acc": [
    81.31,
    88.28,
    89.84,
    90.66,
    91.48,
    92.23,
    92.55,
    92.91,
    93.3,
    93.66
  ]
}