{
  "train_loss": [
    0.5494983125327111,
    0.200300724386597,
    0.13734931734674521,
    0.10493166718397663,
    0.0851243191943772,
    0.07015203135505096,
    0.06008688990212381,
    0.05122629963561519,
    0.043516490587106806,
    0.03818100548884484
  ],
  "train_acc": [
    84.23333333333333,
    94.22833333333334,
    95.99,
    96.915,
    97.47,
    97.895,
    98.21833333333333,
    98.47,
    98.71333333333334,
    98.885
  ],
  "test_loss": [
    0.23425656440222908,
    0.15978205933348294,
    0.12487826571328221,
    0.09511956089446143,
    0.08621133948530954,
    0.08282819591280204,
    0.07869788488094356,
    0.07804925357958133,
    0.07784196406695176,
    0.08088819978474698
  ],
  "test_acc": [
    93.05,
    95.22,
    96.29,
    97.12,
    97.42,
    97.37,
    97.55,
    97.47,
    97.53,
    97.57
  ]
}